<?xml version="1.0" encoding="UTF-8"?>
<configuration>
  <include resource="org/springframework/boot/logging/logback/defaults.xml" />
  <include resource="org/springframework/boot/logging/logback/console-appender.xml" />

  <springProfile name="!test &amp; !local &amp; !dev">
    <root level="INFO">
      <appender-ref ref="STDOUT_JSON" />
    </root>
  </springProfile>

  <springProfile name="test,local,dev">
    <root level="INFO">
      <appender-ref ref="CONSOLE" />
    </root>
  </springProfile>
</configuration>